{
    "modelos_ajustados": {
        "Newtoniano": {
            "params": [
                0.24320384584954582
            ],
            "R2": 0.34220389126727535
        },
        "Lei da Pot\u00eancia": {
            "params": [
                14.28448359106504,
                0.4704794921628019
            ],
            "R2": 0.9806232061117603
        },
        "Bingham": {
            "params": [
                181.3554482964382,
                0.15233864695313298
            ],
            "R2": 0.8984245637486281
        },
        "Herschel-Bulkley": {
            "params": [
                2.526146023561233e-14,
                14.284494336142943,
                0.47047938987315147
            ],
            "R2": 0.9806232061117723
        },
        "Casson": {
            "params": [
                100.50675787681216,
                0.07568915722389088
            ],
            "R2": 0.9470820239159323
        }
    },
    "parametros_wr": {
        "n_prime": null,
        "log_K_prime": null
    }
}