{
    "modelos_ajustados": {
        "Newtoniano": {
            "params": [
                0.10376153858319503
            ],
            "R2": -1.073731338564841
        },
        "Lei da Pot\u00eancia": {
            "params": [
                61.793377560432674,
                0.2593693195403888
            ],
            "R2": 0.9469351789084186
        },
        "Bingham": {
            "params": [
                261.4091919358828,
                0.05237360226605659
            ],
            "R2": 0.6631533460730846
        },
        "Herschel-Bulkley": {
            "params": [
                1.2653874085273846e-12,
                61.793419924143514,
                0.2593692299822669
            ],
            "R2": 0.946935178908157
        },
        "Casson": {
            "params": [
                199.69373592726672,
                0.017342663477321423
            ],
            "R2": 0.813365304483539
        }
    },
    "parametros_wr": {
        "n_prime": null,
        "log_K_prime": null
    }
}