{
    "modelos_ajustados": {
        "Newtoniano": {
            "params": [
                0.2855945955481217
            ],
            "R2": 0.16897267736109656
        },
        "Lei da Pot\u00eancia": {
            "params": [
                17.18330108668874,
                0.46145865556748106
            ],
            "R2": 0.9517531461117883
        },
        "Bingham": {
            "params": [
                212.6249136562908,
                0.16912776931440707
            ],
            "R2": 0.8497087327278194
        },
        "Herschel-Bulkley": {
            "params": [
                3.3272619803804254e-11,
                17.183306717611956,
                0.461458610401388
            ],
            "R2": 0.9517531461118237
        },
        "Casson": {
            "params": [
                119.04323382600991,
                0.08207929166226943
            ],
            "R2": 0.909529434947371
        }
    },
    "parametros_wr": {
        "n_prime": 0.5254692889678911,
        "log_K_prime": 2.5009380792582774
    }
}