{
    "modelos_ajustados": {
        "Newtoniano": {
            "params": [
                0.3054809369307855
            ],
            "R2": -0.010343947048586655
        },
        "Lei da Pot\u00eancia": {
            "params": [
                17.820393285111805,
                0.44122405039347956
            ],
            "R2": 0.9828920258970235
        },
        "Bingham": {
            "params": [
                198.6747614302145,
                0.16194731509474053
            ],
            "R2": 0.9478474309578956
        },
        "Herschel-Bulkley": {
            "params": [
                9.236637527238463e-14,
                17.82039210738537,
                0.44122405969123596
            ],
            "R2": 0.9828920258970236
        },
        "Casson": {
            "params": [
                112.82496784524503,
                0.07327389796889291
            ],
            "R2": 0.9690822884894232
        }
    },
    "parametros_wr": {
        "n_prime": null,
        "log_K_prime": null
    }
}