{
    "modelos_ajustados": {
        "Newtoniano": {
            "params": [
                0.8001470247549001
            ],
            "R2": 0.5610425702904664
        },
        "Lei da Pot\u00eancia": {
            "params": [
                40.2129703586454,
                0.49274181949868046
            ],
            "R2": 0.9803108001364995
        },
        "Bingham": {
            "params": [
                501.70647318952115,
                0.5549081206553974
            ],
            "R2": 0.9140958715395519
        },
        "Herschel-Bulkley": {
            "params": [
                5.227926330909774e-13,
                40.213011980063214,
                0.49274167934669266
            ],
            "R2": 0.9803108001365558
        },
        "Casson": {
            "params": [
                273.38442380069296,
                0.29179715891589186
            ],
            "R2": 0.9513432233226625
        }
    },
    "parametros_wr": {
        "n_prime": null,
        "log_K_prime": null
    }
}