{
    "modelos_ajustados": {
        "Newtoniano": {
            "params": [
                0.7895016337962788
            ],
            "R2": 0.3581629425668392
        },
        "Lei da Pot\u00eancia": {
            "params": [
                44.900470435153835,
                0.47874872204769087
            ],
            "R2": 0.9625426199814275
        },
        "Bingham": {
            "params": [
                561.3774684385876,
                0.5157376045311357
            ],
            "R2": 0.8611775620577329
        },
        "Herschel-Bulkley": {
            "params": [
                1.713790347881266e-13,
                44.90050654260553,
                0.4787486121380234
            ],
            "R2": 0.962542619981482
        },
        "Casson": {
            "params": [
                312.05245686557566,
                0.2636715152764608
            ],
            "R2": 0.9183975038666247
        }
    },
    "parametros_wr": {
        "n_prime": 0.549013452443011,
        "log_K_prime": 3.4170211954505514
    }
}