{
    "modelos_ajustados": {
        "Newtoniano": {
            "params": [
                0.8887970073840704
            ],
            "R2": -0.1571056796491057
        },
        "Lei da Pot\u00eancia": {
            "params": [
                59.74032511985262,
                0.44125906005225823
            ],
            "R2": 0.9404649516745194
        },
        "Bingham": {
            "params": [
                718.4179148628134,
                0.4717082724345933
            ],
            "R2": 0.8701901413799608
        },
        "Herschel-Bulkley": {
            "params": [
                9.569031618892568e-12,
                59.74028887692277,
                0.44125914413932055
            ],
            "R2": 0.9404649516745524
        },
        "Casson": {
            "params": [
                410.91001387804073,
                0.21655570541773222
            ],
            "R2": 0.9146128106201696
        }
    },
    "parametros_wr": {
        "n_prime": 0.4614440588235285,
        "log_K_prime": 4.063993707642852
    }
}