{
    "modelos_ajustados": {
        "Newtoniano": {
            "params": [
                0.09481115198359223
            ],
            "R2": 0.41174041880865175
        },
        "Lei da Pot\u00eancia": {
            "params": [
                6.2204896507062095,
                0.4983397454415067
            ],
            "R2": 0.9663040937652732
        },
        "Bingham": {
            "params": [
                152.1035964567421,
                0.0568813343534644
            ],
            "R2": 0.942815550504482
        },
        "Herschel-Bulkley": {
            "params": [
                8.607013304757518e-12,
                6.2204872751045315,
                0.4983397920222936
            ],
            "R2": 0.9663040937652742
        },
        "Casson": {
            "params": [
                78.00926155690556,
                0.028936518075571113
            ],
            "R2": 0.9564310733900114
        }
    },
    "parametros_wr": {
        "n_prime": 0.5155248878844234,
        "log_K_prime": 1.7968641204385518
    }
}