{
    "modelos_ajustados": {
        "Newtoniano": {
            "params": [
                0.13210521338410203
            ],
            "R2": -0.5431086630079973
        },
        "Lei da Pot\u00eancia": {
            "params": [
                47.89855946877521,
                0.2847338127877202
            ],
            "R2": 0.9065231772930684
        },
        "Bingham": {
            "params": [
                206.3859418820755,
                0.07234152992417966
            ],
            "R2": 0.6664091029681533
        },
        "Herschel-Bulkley": {
            "params": [
                9.573321983220839e-18,
                47.89852852687259,
                0.28473390025672773
            ],
            "R2": 0.9065231772931467
        },
        "Casson": {
            "params": [
                153.6264388532154,
                0.025842493673591014
            ],
            "R2": 0.7982367929857291
        }
    },
    "parametros_wr": {
        "n_prime": 0.3433215350351704,
        "log_K_prime": 3.5913450984320407
    }
}