{
    "modelos_ajustados": {
        "Newtoniano": {
            "params": [
                0.8221901501250288
            ],
            "R2": 0.34220391983449905
        },
        "Lei da Pot\u00eancia": {
            "params": [
                48.291023933716815,
                0.4704794798585135
            ],
            "R2": 0.9806232098281903
        },
        "Bingham": {
            "params": [
                613.1015776483898,
                0.5150055719735868
            ],
            "R2": 0.8984245773467344
        },
        "Herschel-Bulkley": {
            "params": [
                1.598671336688037e-15,
                48.29104242523115,
                0.4704794277788718
            ],
            "R2": 0.9806232098281993
        },
        "Casson": {
            "params": [
                339.77961760054956,
                0.2558793798760421
            ],
            "R2": 0.9470820327845293
        }
    },
    "parametros_wr": {
        "n_prime": null,
        "log_K_prime": null
    }
}