{
    "modelos_ajustados": {
        "Newtoniano": {
            "params": [
                0.9051178467797021
            ],
            "R2": 0.08768915438245006
        },
        "Lei da Pot\u00eancia": {
            "params": [
                49.105727280100574,
                0.47001806059417756
            ],
            "R2": 0.9879876281234391
        },
        "Bingham": {
            "params": [
                705.1957425361599,
                0.502434595169947
            ],
            "R2": 0.9600295364564351
        },
        "Herschel-Bulkley": {
            "params": [
                33.12013717606101,
                44.00751916699175,
                0.4818801241251288
            ],
            "R2": 0.9880034877372387
        },
        "Casson": {
            "params": [
                381.9968949565845,
                0.2431879384131222
            ],
            "R2": 0.9814957505028781
        }
    },
    "parametros_wr": {
        "n_prime": null,
        "log_K_prime": null
    }
}