{
    "modelos_ajustados": {
        "Newtoniano": {
            "params": [
                0.11594525874345517
            ],
            "R2": -0.3258662411123965
        },
        "Lei da Pot\u00eancia": {
            "params": [
                40.88196693769195,
                0.30509716432540135
            ],
            "R2": 0.965472773941476
        },
        "Bingham": {
            "params": [
                208.62477651622038,
                0.06678519685917908
            ],
            "R2": 0.7508649782408434
        },
        "Herschel-Bulkley": {
            "params": [
                3.107956132161786e-14,
                40.88193892085327,
                0.30509725381706876
            ],
            "R2": 0.9654727739415481
        },
        "Casson": {
            "params": [
                150.6382244109312,
                0.02551463289475492
            ],
            "R2": 0.8806062123483205
        }
    },
    "parametros_wr": {
        "n_prime": null,
        "log_K_prime": null
    }
}