{
    "slope": 1.9423761735189375,
    "intercept": -0.005710585950145676,
    "units": "bar/V"
}