{
    "modelos_ajustados": {
        "Newtoniano": {
            "params": [
                0.33832961686345114
            ],
            "R2": -0.23446578698456566
        },
        "Lei da Pot\u00eancia": {
            "params": [
                16.47196548688955,
                0.4534175629457802
            ],
            "R2": 0.9756756946913562
        },
        "Bingham": {
            "params": [
                187.1943699471341,
                0.1739573961931115
            ],
            "R2": 0.9328885606222831
        },
        "Herschel-Bulkley": {
            "params": [
                1.0684307422036383e-13,
                16.471960168391284,
                0.4534176101129612
            ],
            "R2": 0.9756756946913648
        },
        "Casson": {
            "params": [
                104.3628512322641,
                0.08103107170948232
            ],
            "R2": 0.9581523958600628
        }
    },
    "parametros_wr": {
        "n_prime": 0.47352081454616746,
        "log_K_prime": 2.782500073091116
    }
}