{
    "modelos_ajustados": {
        "Newtoniano": {
            "params": [
                0.8776516900924197
            ],
            "R2": -0.15845347890084804
        },
        "Lei da Pot\u00eancia": {
            "params": [
                59.7521249193437,
                0.44302068270856826
            ],
            "R2": 0.9362499562322176
        },
        "Bingham": {
            "params": [
                762.8738882425215,
                0.4588880977905125
            ],
            "R2": 0.857465100724634
        },
        "Herschel-Bulkley": {
            "params": [
                2.3486137492065867e-10,
                59.752090734061234,
                0.44302076077276836
            ],
            "R2": 0.9362499562322432
        },
        "Casson": {
            "params": [
                433.2624063062712,
                0.2105235087418347
            ],
            "R2": 0.9065389770016352
        }
    },
    "parametros_wr": {
        "n_prime": null,
        "log_K_prime": null
    }
}