{
    "modelos_ajustados": {
        "Newtoniano": {
            "params": [
                0.48911045638681216
            ],
            "R2": 0.12281318973718225
        },
        "Lei da Pot\u00eancia": {
            "params": [
                40.82670172841171,
                0.3994161544550656
            ],
            "R2": 0.9743538859445009
        },
        "Bingham": {
            "params": [
                258.5042462121654,
                0.3075102190074617
            ],
            "R2": 0.8760825378292003
        },
        "Herschel-Bulkley": {
            "params": [
                3.4524600564895515e-11,
                40.826733152593185,
                0.39941604065484904
            ],
            "R2": 0.9743538859445341
        },
        "Casson": {
            "params": [
                166.05303206262792,
                0.13658680156382674
            ],
            "R2": 0.9300921293403079
        }
    },
    "parametros_wr": {
        "n_prime": 0.44069992131375935,
        "log_K_prime": 3.5696616601701554
    }
}