{
    "modelos_ajustados": {
        "Newtoniano": {
            "params": [
                0.09929257251665424
            ],
            "R2": 0.5528629784323553
        },
        "Lei da Pot\u00eancia": {
            "params": [
                5.287679347301282,
                0.5205486133312998
            ],
            "R2": 0.9696191511073472
        },
        "Bingham": {
            "params": [
                141.68986451293932,
                0.0624901278031122
            ],
            "R2": 0.9584776464900212
        },
        "Herschel-Bulkley": {
            "params": [
                1.7953832076048209e-12,
                5.287679070037804,
                0.5205486197085216
            ],
            "R2": 0.9696191511073473
        },
        "Casson": {
            "params": [
                69.4743114513569,
                0.0331553971973836
            ],
            "R2": 0.9652386655823452
        }
    },
    "parametros_wr": {
        "n_prime": null,
        "log_K_prime": null
    }
}