{
    "modelos_ajustados": {
        "Newtoniano": {
            "params": [
                0.22175863736315876
            ],
            "R2": 0.11729438921571123
        },
        "Lei da Pot\u00eancia": {
            "params": [
                32.10837766106255,
                0.3878029425995199
            ],
            "R2": 0.9876231977846622
        },
        "Bingham": {
            "params": [
                283.9546084937513,
                0.13162643423782291
            ],
            "R2": 0.8876121905081829
        },
        "Herschel-Bulkley": {
            "params": [
                1.4307757922684944e-10,
                32.10838864523782,
                0.38780289809805024
            ],
            "R2": 0.9876231977846636
        },
        "Casson": {
            "params": [
                181.8450136931505,
                0.055896616494317125
            ],
            "R2": 0.9474753982985583
        }
    },
    "parametros_wr": {
        "n_prime": null,
        "log_K_prime": null
    }
}