{
    "modelos_ajustados": {
        "Newtoniano": {
            "params": [
                0.13482710115176713
            ],
            "R2": -0.9236122358941308
        },
        "Lei da Pot\u00eancia": {
            "params": [
                54.35894201531952,
                0.2771196186159313
            ],
            "R2": 0.9492183278042401
        },
        "Bingham": {
            "params": [
                229.5383650805728,
                0.07145524119109839
            ],
            "R2": 0.6926047177440717
        },
        "Herschel-Bulkley": {
            "params": [
                3.832960146035355e-12,
                54.359046128389835,
                0.2771193558694617
            ],
            "R2": 0.9492183278046805
        },
        "Casson": {
            "params": [
                173.31963182762604,
                0.02490490246159264
            ],
            "R2": 0.8378685991343033
        }
    },
    "parametros_wr": {
        "n_prime": 0.3107438781166624,
        "log_K_prime": 3.901054701580116
    }
}