{
    "modelos_ajustados": {
        "Newtoniano": {
            "params": [
                0.11594756062638274
            ],
            "R2": -0.32663356087106
        },
        "Lei da Pot\u00eancia": {
            "params": [
                40.87070102265369,
                0.3051315290710288
            ],
            "R2": 0.9654706374382023
        },
        "Bingham": {
            "params": [
                208.66755856746082,
                0.06677497762057598
            ],
            "R2": 0.7508612720527261
        },
        "Herschel-Bulkley": {
            "params": [
                3.1968593007898337e-14,
                40.8706708660244,
                0.3051316254474416
            ],
            "R2": 0.9654706374382855
        },
        "Casson": {
            "params": [
                150.6595175843425,
                0.025510094482286173
            ],
            "R2": 0.880580823128567
        }
    },
    "parametros_wr": {
        "n_prime": null,
        "log_K_prime": null
    }
}