{
    "modelos_ajustados": {
        "Newtoniano": {
            "params": [
                0.3886027810090966
            ],
            "R2": 0.4941091592312845
        },
        "Lei da Pot\u00eancia": {
            "params": [
                22.27563966508311,
                0.5022866650904267
            ],
            "R2": 0.9734348524320455
        },
        "Bingham": {
            "params": [
                493.09633459427477,
                0.23880039514320764
            ],
            "R2": 0.9590480526594409
        },
        "Herschel-Bulkley": {
            "params": [
                7.357473640818885e-12,
                22.275640186865758,
                0.5022866621779841
            ],
            "R2": 0.9734348524320455
        },
        "Casson": {
            "params": [
                250.97697236140925,
                0.12249111675575654
            ],
            "R2": 0.9675488011536453
        }
    },
    "parametros_wr": {
        "n_prime": null,
        "log_K_prime": null
    }
}