{
    "modelos_ajustados": {
        "Newtoniano": {
            "params": [
                0.15654093901017982
            ],
            "R2": -0.2666718285920955
        },
        "Lei da Pot\u00eancia": {
            "params": [
                29.58762222327547,
                0.3567929573957196
            ],
            "R2": 0.9736509235534723
        },
        "Bingham": {
            "params": [
                233.80179853863257,
                0.08430011302777954
            ],
            "R2": 0.8675746578565791
        },
        "Herschel-Bulkley": {
            "params": [
                2.8994885423303957e-19,
                29.587637170768343,
                0.356792891846835
            ],
            "R2": 0.9736509235534985
        },
        "Casson": {
            "params": [
                155.49893163382413,
                0.03283471230988989
            ],
            "R2": 0.9282315695480666
        }
    },
    "parametros_wr": {
        "n_prime": null,
        "log_K_prime": null
    }
}