{
    "modelos_ajustados": {
        "Newtoniano": {
            "params": [
                0.27156940495743304
            ],
            "R2": 0.34220382405484884
        },
        "Lei da Pot\u00eancia": {
            "params": [
                15.950525003409108,
                0.47047948145594604
            ],
            "R2": 0.9806232073098595
        },
        "Bingham": {
            "params": [
                202.50746071535804,
                0.17010633410932696
            ],
            "R2": 0.8984245722688704
        },
        "Herschel-Bulkley": {
            "params": [
                1.3523200585798926e-14,
                15.950537824282696,
                0.47047937216983254
            ],
            "R2": 0.980623207309872
        },
        "Casson": {
            "params": [
                112.22913140025344,
                0.08451701182902766
            ],
            "R2": 0.9470820295731514
        }
    },
    "parametros_wr": {
        "n_prime": null,
        "log_K_prime": null
    }
}