{
    "modelos_ajustados": {
        "Newtoniano": {
            "params": [
                0.25576409739665085
            ],
            "R2": 0.16897267736109622
        },
        "Lei da Pot\u00eancia": {
            "params": [
                15.388496716820546,
                0.4614586554526203
            ],
            "R2": 0.9517531461117884
        },
        "Bingham": {
            "params": [
                190.41613479812236,
                0.1514622895546521
            ],
            "R2": 0.8497087327278193
        },
        "Herschel-Bulkley": {
            "params": [
                2.8239040067145313e-11,
                15.388506469102301,
                0.461458568094498
            ],
            "R2": 0.9517531461118468
        },
        "Casson": {
            "params": [
                106.60915717906839,
                0.07350603494626906
            ],
            "R2": 0.9095294349480456
        }
    },
    "parametros_wr": {
        "n_prime": 0.5254692889678914,
        "log_K_prime": 2.3906202971382324
    }
}