{
    "modelos_ajustados": {
        "Newtoniano": {
            "params": [
                0.17621542324292716
            ],
            "R2": -1.1741505945802229
        },
        "Lei da Pot\u00eancia": {
            "params": [
                60.212429526737004,
                0.26678277855528526
            ],
            "R2": 0.9339385582125349
        },
        "Bingham": {
            "params": [
                249.94414692724237,
                0.08209822612263545
            ],
            "R2": 0.6962648656852002
        },
        "Herschel-Bulkley": {
            "params": [
                1.7027512831609392e-11,
                60.2124422129181,
                0.2667827495535891
            ],
            "R2": 0.9339385582126294
        },
        "Casson": {
            "params": [
                187.64168138956342,
                0.025886738609090746
            ],
            "R2": 0.8236150194487388
        }
    },
    "parametros_wr": {
        "n_prime": null,
        "log_K_prime": null
    }
}