{
    "modelos_ajustados": {
        "Newtoniano": {
            "params": [
                0.1391065622436871
            ],
            "R2": -0.9236122358941312
        },
        "Lei da Pot\u00eancia": {
            "params": [
                56.08431553643543,
                0.2771196173402228
            ],
            "R2": 0.9492183278042459
        },
        "Bingham": {
            "params": [
                236.8239976553401,
                0.07372325712403012
            ],
            "R2": 0.6926047177440716
        },
        "Herschel-Bulkley": {
            "params": [
                4.785424350728288e-12,
                56.08442377143958,
                0.27711935256833586
            ],
            "R2": 0.9492183278046764
        },
        "Casson": {
            "params": [
                178.82139485233031,
                0.025695238289938124
            ],
            "R2": 0.8378685991417048
        }
    },
    "parametros_wr": {
        "n_prime": 0.3107438781166623,
        "log_K_prime": 3.9323017584017697
    }
}