{
    "modelos_ajustados": {
        "Newtoniano": {
            "params": [
                0.2780932412353201
            ],
            "R2": 0.3800860108044287
        },
        "Lei da Pot\u00eancia": {
            "params": [
                15.35512589823445,
                0.4764742036101913
            ],
            "R2": 0.9796959852479343
        },
        "Bingham": {
            "params": [
                198.5068501082059,
                0.17587975638958198
            ],
            "R2": 0.9036364493887907
        },
        "Herschel-Bulkley": {
            "params": [
                1.7212918567176733e-11,
                15.355123757527666,
                0.47647422259295025
            ],
            "R2": 0.9796959852479247
        },
        "Casson": {
            "params": [
                108.83306715710283,
                0.08828388248790732
            ],
            "R2": 0.9488543286890047
        }
    },
    "parametros_wr": {
        "n_prime": null,
        "log_K_prime": null
    }
}