{
    "modelos_ajustados": {
        "Newtoniano": {
            "params": [
                0.7953561776523825
            ],
            "R2": -1.0052881044229256
        },
        "Lei da Pot\u00eancia": {
            "params": [
                93.89341668135704,
                0.3296473637801399
            ],
            "R2": 0.9487675205107147
        },
        "Bingham": {
            "params": [
                482.24605810951425,
                0.3758597202071993
            ],
            "R2": 0.8433591844991681
        },
        "Herschel-Bulkley": {
            "params": [
                6.320358281764287e-13,
                93.89344237367284,
                0.3296473224544576
            ],
            "R2": 0.9487675205107141
        },
        "Casson": {
            "params": [
                332.8678232325012,
                0.1331361744771867
            ],
            "R2": 0.9017745889396087
        }
    },
    "parametros_wr": {
        "n_prime": 0.3543461652256539,
        "log_K_prime": 4.51569402108573
    }
}