{
    "modelos_ajustados": {
        "Newtoniano": {
            "params": [
                0.13405775850909535
            ],
            "R2": -0.9236122358941317
        },
        "Lei da Pot\u00eancia": {
            "params": [
                54.048762768605116,
                0.277119618207691
            ],
            "R2": 0.9492183278042419
        },
        "Bingham": {
            "params": [
                228.22858818425144,
                0.07104750804624356
            ],
            "R2": 0.6926047177440715
        },
        "Herschel-Bulkley": {
            "params": [
                3.6333028110725345e-12,
                54.04886566736186,
                0.27711935700500423
            ],
            "R2": 0.9492183278046818
        },
        "Casson": {
            "params": [
                172.3306620616876,
                0.02476278728412933
            ],
            "R2": 0.8378685991347772
        }
    },
    "parametros_wr": {
        "n_prime": 0.3107438781166624,
        "log_K_prime": 3.895332225306049
    }
}