{
    "modelos_ajustados": {
        "Newtoniano": {
            "params": [
                0.2828187340778056
            ],
            "R2": 0.5158869592329466
        },
        "Lei da Pot\u00eancia": {
            "params": [
                12.565563816265907,
                0.502587074827954
            ],
            "R2": 0.9769165591368504
        },
        "Bingham": {
            "params": [
                164.54131719741042,
                0.19304393608117223
            ],
            "R2": 0.9121267288151793
        },
        "Herschel-Bulkley": {
            "params": [
                7.881812597128102e-12,
                12.565576164030837,
                0.5025869394716117
            ],
            "R2": 0.9769165591368775
        },
        "Casson": {
            "params": [
                87.55498194187255,
                0.10289023886793953
            ],
            "R2": 0.9488998852007589
        }
    },
    "parametros_wr": {
        "n_prime": 0.5539863366330781,
        "log_K_prime": 2.277774778437036
    }
}