{
    "modelos_ajustados": {
        "Newtoniano": {
            "params": [
                0.11962777484372596
            ],
            "R2": -0.3266336139387189
        },
        "Lei da Pot\u00eancia": {
            "params": [
                42.16796287490736,
                0.305131492530929
            ],
            "R2": 0.9654706304285025
        },
        "Bingham": {
            "params": [
                215.29074179384176,
                0.06889443608931886
            ],
            "R2": 0.7508612266915478
        },
        "Herschel-Bulkley": {
            "params": [
                6.787073703674838e-14,
                42.167922086928264,
                0.3051316188526063
            ],
            "R2": 0.9654706304286443
        },
        "Casson": {
            "params": [
                155.44151339454646,
                0.02631979050228906
            ],
            "R2": 0.8805807923794501
        }
    },
    "parametros_wr": {
        "n_prime": null,
        "log_K_prime": null
    }
}