{
    "modelos_ajustados": {
        "Newtoniano": {
            "params": [
                0.5230211538969551
            ],
            "R2": -0.13736120549878073
        },
        "Lei da Pot\u00eancia": {
            "params": [
                91.50313423598573,
                0.36573396704325317
            ],
            "R2": 0.9882640538957431
        },
        "Bingham": {
            "params": [
                758.3051684378886,
                0.2879718831735957
            ],
            "R2": 0.8918553422790456
        },
        "Herschel-Bulkley": {
            "params": [
                1.0741684686840034e-12,
                91.50310165350419,
                0.36573401308620396
            ],
            "R2": 0.9882640538957491
        },
        "Casson": {
            "params": [
                497.6777517047256,
                0.11460778462571679
            ],
            "R2": 0.9490461142093441
        }
    },
    "parametros_wr": {
        "n_prime": null,
        "log_K_prime": null
    }
}