{
    "modelos_ajustados": {
        "Newtoniano": {
            "params": [
                0.8215391135528216
            ],
            "R2": -0.27506762671682927
        },
        "Lei da Pot\u00eancia": {
            "params": [
                61.01227799355,
                0.4372815821789589
            ],
            "R2": 0.9897762652442398
        },
        "Bingham": {
            "params": [
                771.487450111999,
                0.4261345267728089
            ],
            "R2": 0.9317239251845768
        },
        "Herschel-Bulkley": {
            "params": [
                5.746571138843375e-15,
                61.01227665344175,
                0.43728158518165844
            ],
            "R2": 0.9897762652442398
        },
        "Casson": {
            "params": [
                443.20018842221737,
                0.19394673258826226
            ],
            "R2": 0.9705441129720206
        }
    },
    "parametros_wr": {
        "n_prime": null,
        "log_K_prime": null
    }
}