{
    "modelos_ajustados": {
        "Newtoniano": {
            "params": [
                0.21646280555728156
            ],
            "R2": 0.7626446050135036
        },
        "Lei da Pot\u00eancia": {
            "params": [
                6.947392547285768,
                0.5829869404717252
            ],
            "R2": 0.9879410879017958
        },
        "Bingham": {
            "params": [
                212.56283571488228,
                0.16027990563485536
            ],
            "R2": 0.9431916165460446
        },
        "Herschel-Bulkley": {
            "params": [
                2.024807952726828e-15,
                6.947394560746495,
                0.5829869048888644
            ],
            "R2": 0.9879410879017969
        },
        "Casson": {
            "params": [
                95.49201783367099,
                0.09619462865323485
            ],
            "R2": 0.9693899264169913
        }
    },
    "parametros_wr": {
        "n_prime": 0.6446117341103301,
        "log_K_prime": 1.534767591881657
    }
}