{
    "modelos_ajustados": {
        "Newtoniano": {
            "params": [
                0.16877145570032603
            ],
            "R2": 0.41174041880865164
        },
        "Lei da Pot\u00eancia": {
            "params": [
                11.07297074135965,
                0.49833974332053127
            ],
            "R2": 0.9663040937652728
        },
        "Bingham": {
            "params": [
                270.7566030422474,
                0.10125333769352604
            ],
            "R2": 0.9428155505044821
        },
        "Herschel-Bulkley": {
            "params": [
                2.187854867383952e-15,
                11.072967944812794,
                0.4983397741271784
            ],
            "R2": 0.9663040937652756
        },
        "Casson": {
            "params": [
                138.862801088429,
                0.051509304715334325
            ],
            "R2": 0.9564310733899477
        }
    },
    "parametros_wr": {
        "n_prime": 0.5155248878844235,
        "log_K_prime": 2.3735225477180597
    }
}