{
    "modelos_ajustados": {
        "Newtoniano": {
            "params": [
                0.8518636570799091
            ],
            "R2": 0.5158869592329466
        },
        "Lei da Pot\u00eancia": {
            "params": [
                37.84808414253916,
                0.5025870735409834
            ],
            "R2": 0.9769165591368512
        },
        "Bingham": {
            "params": [
                495.60637919515057,
                0.581457636857785
            ],
            "R2": 0.9121267288151793
        },
        "Herschel-Bulkley": {
            "params": [
                1.7320133093505004e-13,
                37.84810575046721,
                0.5025869949351258
            ],
            "R2": 0.9769165591368811
        },
        "Casson": {
            "params": [
                263.7199229073907,
                0.3099102692008561
            ],
            "R2": 0.948899885200821
        }
    },
    "parametros_wr": {
        "n_prime": 0.5539863366330781,
        "log_K_prime": 3.3803950885026848
    }
}