{
    "modelos_ajustados": {
        "Newtoniano": {
            "params": [
                0.4170225543500011
            ],
            "R2": 0.3039937505680038
        },
        "Lei da Pot\u00eancia": {
            "params": [
                40.4114256194534,
                0.4409743474334014
            ],
            "R2": 0.97887754994457
        },
        "Bingham": {
            "params": [
                520.3557882204062,
                0.25896103414789773
            ],
            "R2": 0.8905649122913473
        },
        "Herschel-Bulkley": {
            "params": [
                1.0257372299611313e-13,
                40.41146064186939,
                0.4409742367987543
            ],
            "R2": 0.9788775499446101
        },
        "Casson": {
            "params": [
                305.3194927227813,
                0.12186444003395759
            ],
            "R2": 0.9421445180852104
        }
    },
    "parametros_wr": {
        "n_prime": 0.4892624641514602,
        "log_K_prime": 3.448061259886438
    }
}