{
    "modelos_ajustados": {
        "Newtoniano": {
            "params": [
                0.35157504352373664
            ],
            "R2": 0.7370461550285952
        },
        "Lei da Pot\u00eancia": {
            "params": [
                8.169678182302965,
                0.5982688025969031
            ],
            "R2": 0.9730503764641836
        },
        "Bingham": {
            "params": [
                255.70066117005626,
                0.24486278641282377
            ],
            "R2": 0.9721289052384731
        },
        "Herschel-Bulkley": {
            "params": [
                149.69747172107134,
                1.6510396256668087,
                0.7778775057348802
            ],
            "R2": 0.9763634831008186
        },
        "Casson": {
            "params": [
                107.2288831366461,
                0.14767038957297868
            ],
            "R2": 0.976456148623179
        }
    },
    "parametros_wr": {
        "n_prime": 0.5678695872919529,
        "log_K_prime": 2.427562743291487
    }
}