{
    "modelos_ajustados": {
        "Newtoniano": {
            "params": [
                0.09635919768744776
            ],
            "R2": 0.3884202467053708
        },
        "Lei da Pot\u00eancia": {
            "params": [
                6.384799777743558,
                0.49654564517417055
            ],
            "R2": 0.9393006893736577
        },
        "Bingham": {
            "params": [
                154.32285004651874,
                0.057523277833106796
            ],
            "R2": 0.908745526806905
        },
        "Herschel-Bulkley": {
            "params": [
                5.338641323664802e-13,
                6.384796145698047,
                0.4965457146186847
            ],
            "R2": 0.9393006893736705
        },
        "Casson": {
            "params": [
                79.40525169960412,
                0.029141160712246435
            ],
            "R2": 0.92588662552107
        }
    },
    "parametros_wr": {
        "n_prime": 0.5209318404023879,
        "log_K_prime": 1.76289680759953
    }
}