{
    "modelos_ajustados": {
        "Newtoniano": {
            "params": [
                0.6320495896545331
            ],
            "R2": -1.1741503447419688
        },
        "Lei da Pot\u00eancia": {
            "params": [
                215.97034088783133,
                0.26678254852391875
            ],
            "R2": 0.9339385159972444
        },
        "Bingham": {
            "params": [
                896.4998114673243,
                0.2944699723734498
            ],
            "R2": 0.6962647883122836
        },
        "Herschel-Bulkley": {
            "params": [
                4.452887182788447e-12,
                215.97032258607072,
                0.2667825602142155
            ],
            "R2": 0.9339385159972599
        },
        "Casson": {
            "params": [
                673.0335468828177,
                0.09285049684734079
            ],
            "R2": 0.823614954612585
        }
    },
    "parametros_wr": {
        "n_prime": null,
        "log_K_prime": null
    }
}