{
    "modelos_ajustados": {
        "Newtoniano": {
            "params": [
                0.2656488143532333
            ],
            "R2": 0.56104254308961
        },
        "Lei da Pot\u00eancia": {
            "params": [
                13.350710362029837,
                0.4927417783945964
            ],
            "R2": 0.9803108067837598
        },
        "Bingham": {
            "params": [
                166.56655606290826,
                0.1842294950834928
            ],
            "R2": 0.9140958781747921
        },
        "Herschel-Bulkley": {
            "params": [
                1.348582590551093e-12,
                13.350724446194178,
                0.49274163551032146
            ],
            "R2": 0.9803108067837886
        },
        "Casson": {
            "params": [
                90.76378456184052,
                0.09687653172309671
            ],
            "R2": 0.9513432302674253
        }
    },
    "parametros_wr": {
        "n_prime": null,
        "log_K_prime": null
    }
}