{
    "modelos_ajustados": {
        "Newtoniano": {
            "params": [
                0.33341330953575976
            ],
            "R2": -1.0052881044229256
        },
        "Lei da Pot\u00eancia": {
            "params": [
                39.36012047482071,
                0.3296473630269177
            ],
            "R2": 0.9487675205107149
        },
        "Bingham": {
            "params": [
                202.15754789140055,
                0.15756039437333674
            ],
            "R2": 0.8433591844991681
        },
        "Herschel-Bulkley": {
            "params": [
                8.857574904030299e-10,
                39.360092537640504,
                0.32964747026043956
            ],
            "R2": 0.9487675205104834
        },
        "Casson": {
            "params": [
                139.53810443443072,
                0.05581074631120984
            ],
            "R2": 0.9017745889392631
        }
    },
    "parametros_wr": {
        "n_prime": 0.354346165225654,
        "log_K_prime": 3.646286875110425
    }
}