{
    "modelos_ajustados": {
        "Newtoniano": {
            "params": [
                0.13629828185144624
            ],
            "R2": -0.5431086630079971
        },
        "Lei da Pot\u00eancia": {
            "params": [
                49.41853615823725,
                0.2847347478679251
            ],
            "R2": 0.9065231772869939
        },
        "Bingham": {
            "params": [
                212.93670819246063,
                0.07463767693161992
            ],
            "R2": 0.6664091029681534
        },
        "Herschel-Bulkley": {
            "params": [
                1.0924239755430059e-17,
                49.41884536893441,
                0.28473390086301525
            ],
            "R2": 0.9065231772931468
        },
        "Casson": {
            "params": [
                158.5026101495281,
                0.026662740662386063
            ],
            "R2": 0.798236792985614
        }
    },
    "parametros_wr": {
        "n_prime": 0.3433215350351704,
        "log_K_prime": 3.6225921552536953
    }
}