{
    "modelos_ajustados": {
        "Newtoniano": {
            "params": [
                0.19346076631642503
            ],
            "R2": 0.7329272857648701
        },
        "Lei da Pot\u00eancia": {
            "params": [
                6.561069502983982,
                0.5757026203008259
            ],
            "R2": 0.9814839018665412
        },
        "Bingham": {
            "params": [
                206.73268264615535,
                0.1387647390349007
            ],
            "R2": 0.9453477040734215
        },
        "Herschel-Bulkley": {
            "params": [
                3.0257807826293657e-10,
                6.561064835779188,
                0.575702707513657
            ],
            "R2": 0.9814839018664853
        },
        "Casson": {
            "params": [
                92.89984506594382,
                0.08190280368141546
            ],
            "R2": 0.9674934075318813
        }
    },
    "parametros_wr": {
        "n_prime": null,
        "log_K_prime": null
    }
}