{
    "modelos_ajustados": {
        "Newtoniano": {
            "params": [
                0.8646521209253
            ],
            "R2": 0.16897267736109634
        },
        "Lei da Pot\u00eancia": {
            "params": [
                52.023337117697956,
                0.46145859811198486
            ],
            "R2": 0.9517531461118361
        },
        "Bingham": {
            "params": [
                643.7327067875683,
                0.5120428990827315
            ],
            "R2": 0.8497087327278193
        },
        "Herschel-Bulkley": {
            "params": [
                5.39929983039053e-14,
                52.02336793120055,
                0.4614585164478722
            ],
            "R2": 0.9517531461118598
        },
        "Casson": {
            "params": [
                360.40999879217765,
                0.24849882068533
            ],
            "R2": 0.9095294349492744
        }
    },
    "parametros_wr": {
        "n_prime": 0.5254692889678914,
        "log_K_prime": 3.60869202584367
    }
}