{
    "modelos_ajustados": {
        "Newtoniano": {
            "params": [
                0.10766934074685758
            ],
            "R2": -1.0737314162997174
        },
        "Lei da Pot\u00eancia": {
            "params": [
                64.12060561702754,
                0.2593693125887194
            ],
            "R2": 0.9469351336067718
        },
        "Bingham": {
            "params": [
                271.25423159362924,
                0.05434606212157867
            ],
            "R2": 0.6631532396552549
        },
        "Herschel-Bulkley": {
            "params": [
                2.894942376879556e-10,
                64.12038163749455,
                0.259369768646762
            ],
            "R2": 0.9469351336052054
        },
        "Casson": {
            "params": [
                207.2144982764726,
                0.01799580874593091
            ],
            "R2": 0.8133652193093944
        }
    },
    "parametros_wr": {
        "n_prime": null,
        "log_K_prime": null
    }
}