{
    "modelos_ajustados": {
        "Newtoniano": {
            "params": [
                0.8755833664912989
            ],
            "R2": -0.4430594587498544
        },
        "Lei da Pot\u00eancia": {
            "params": [
                61.24982656196885,
                0.43680616687296336
            ],
            "R2": 0.9700233969952072
        },
        "Bingham": {
            "params": [
                724.1823875193439,
                0.4490509698837109
            ],
            "R2": 0.8910195878329226
        },
        "Herschel-Bulkley": {
            "params": [
                3.7780383076407e-14,
                61.24978735203205,
                0.4368062567218003
            ],
            "R2": 0.9700233969952541
        },
        "Casson": {
            "params": [
                418.960683742261,
                0.20569268255004963
            ],
            "R2": 0.9405882764544724
        }
    },
    "parametros_wr": {
        "n_prime": 0.4599255340918872,
        "log_K_prime": 4.07243311926942
    }
}