{
    "modelos_ajustados": {
        "Newtoniano": {
            "params": [
                0.3724411657934379
            ],
            "R2": 0.7626446050135036
        },
        "Lei da Pot\u00eancia": {
            "params": [
                11.953531497754309,
                0.5829869411882692
            ],
            "R2": 0.9879410879017958
        },
        "Bingham": {
            "params": [
                365.7309622324364,
                0.27577409796735713
            ],
            "R2": 0.9431916165460446
        },
        "Herschel-Bulkley": {
            "params": [
                1.7588431226152956e-14,
                11.953540585393828,
                0.5829868478525028
            ],
            "R2": 0.9879410879017885
        },
        "Casson": {
            "params": [
                164.30164704805912,
                0.16551027963998222
            ],
            "R2": 0.9693899264170341
        }
    },
    "parametros_wr": {
        "n_prime": 0.6446117341103301,
        "log_K_prime": 2.0774279391676664
    }
}