{
    "modelos_ajustados": {
        "Newtoniano": {
            "params": [
                0.38231985133979496
            ],
            "R2": 0.49766352061643826
        },
        "Lei da Pot\u00eancia": {
            "params": [
                15.409810084059789,
                0.5150707601839613
            ],
            "R2": 0.9399813561264665
        },
        "Bingham": {
            "params": [
                242.4342004427456,
                0.2525431838352241
            ],
            "R2": 0.8735287803990293
        },
        "Herschel-Bulkley": {
            "params": [
                3.5470560419719813e-13,
                15.409805939083943,
                0.5150707967423418
            ],
            "R2": 0.9399813561264591
        },
        "Casson": {
            "params": [
                123.46099975221455,
                0.13546960643942732
            ],
            "R2": 0.9111168130623983
        }
    },
    "parametros_wr": {
        "n_prime": 0.5925908247817544,
        "log_K_prime": 2.274723466258198
    }
}