{
    "modelos_ajustados": {
        "Newtoniano": {
            "params": [
                0.48083845031774053
            ],
            "R2": -0.9236122358941317
        },
        "Lei da Pot\u00eancia": {
            "params": [
                193.8621337984764,
                0.2771196178794222
            ],
            "R2": 0.9492183278042434
        },
        "Bingham": {
            "params": [
                818.6104305750451,
                0.2548332435518686
            ],
            "R2": 0.6926047177440715
        },
        "Herschel-Bulkley": {
            "params": [
                6.109535501023906e-13,
                193.86250304666265,
                0.27711935657989556
            ],
            "R2": 0.949218327804682
        },
        "Casson": {
            "params": [
                618.1170469603423,
                0.08881879349551787
            ],
            "R2": 0.837868599141495
        }
    },
    "parametros_wr": {
        "n_prime": 0.3107438781166624,
        "log_K_prime": 5.172592825401817
    }
}