{
    "modelos_ajustados": {
        "Newtoniano": {
            "params": [
                0.14820512768795854
            ],
            "R2": -0.27616443012764536
        },
        "Lei da Pot\u00eancia": {
            "params": [
                26.52501297818394,
                0.36892120210527074
            ],
            "R2": 0.9853215681300653
        },
        "Bingham": {
            "params": [
                216.3689008754876,
                0.08399151362271008
            ],
            "R2": 0.8831724459729766
        },
        "Herschel-Bulkley": {
            "params": [
                1.1344612342858127e-12,
                26.525012127601105,
                0.3689212063344007
            ],
            "R2": 0.9853215681300643
        },
        "Casson": {
            "params": [
                143.3703964307698,
                0.034276842274299786
            ],
            "R2": 0.9424468627101206
        }
    },
    "parametros_wr": {
        "n_prime": 0.3971213490928734,
        "log_K_prime": 3.202229766985087
    }
}