{
    "modelos_ajustados": {
        "Newtoniano": {
            "params": [
                0.6594575541796429
            ],
            "R2": 0.4654163737493362
        },
        "Lei da Pot\u00eancia": {
            "params": [
                50.5039565802284,
                0.4590038309206525
            ],
            "R2": 0.9734184206369159
        },
        "Bingham": {
            "params": [
                584.5623571226547,
                0.44700204402599153
            ],
            "R2": 0.8789434407349689
        },
        "Herschel-Bulkley": {
            "params": [
                2.8557552741660566e-13,
                50.50415642126639,
                0.4590033120202094
            ],
            "R2": 0.9734184206375953
        },
        "Casson": {
            "params": [
                340.216323933608,
                0.22255847739303997
            ],
            "R2": 0.9318374810313326
        }
    },
    "parametros_wr": {
        "n_prime": null,
        "log_K_prime": null
    }
}