{
    "modelos_ajustados": {
        "Newtoniano": {
            "params": [
                0.8892614912786874
            ],
            "R2": -0.07092937857228088
        },
        "Lei da Pot\u00eancia": {
            "params": [
                59.389574178489234,
                0.44247507865412844
            ],
            "R2": 0.9425434600156024
        },
        "Bingham": {
            "params": [
                717.4911289253365,
                0.47822008687377143
            ],
            "R2": 0.8748897764337488
        },
        "Herschel-Bulkley": {
            "params": [
                5.10348587248036e-13,
                59.38952630545513,
                0.44247518975899447
            ],
            "R2": 0.9425434600156415
        },
        "Casson": {
            "params": [
                409.2408422377493,
                0.21962474390574452
            ],
            "R2": 0.9175613026992059
        }
    },
    "parametros_wr": {
        "n_prime": 0.46261287262815237,
        "log_K_prime": 4.0573614329819865
    }
}