{
    "modelos_ajustados": {
        "Newtoniano": {
            "params": [
                0.10695187469063047
            ],
            "R2": 0.42802593139209333
        },
        "Lei da Pot\u00eancia": {
            "params": [
                4.966315612772562,
                0.5295883806840589
            ],
            "R2": 0.9689785330314001
        },
        "Bingham": {
            "params": [
                139.76932433610193,
                0.06469630942742674
            ],
            "R2": 0.9497829418104361
        },
        "Herschel-Bulkley": {
            "params": [
                1.7831102337239837e-12,
                4.966315726530223,
                0.5295883778286828
            ],
            "R2": 0.9689785330314
        },
        "Casson": {
            "params": [
                67.17453015027885,
                0.034832921896413405
            ],
            "R2": 0.9613812849923576
        }
    },
    "parametros_wr": {
        "n_prime": 0.5420078419345836,
        "log_K_prime": 1.6078482438038462
    }
}