{
    "modelos_ajustados": {
        "Newtoniano": {
            "params": [
                0.15801239589361812
            ],
            "R2": -1.1741508003730021
        },
        "Lei da Pot\u00eancia": {
            "params": [
                53.992525568901875,
                0.266782701099056
            ],
            "R2": 0.9339384945363447
        },
        "Bingham": {
            "params": [
                224.12496434500758,
                0.07361748723461764
            ],
            "R2": 0.6962647569613767
        },
        "Herschel-Bulkley": {
            "params": [
                2.955832210531405e-13,
                53.99260038993314,
                0.2667825104056659
            ],
            "R2": 0.9339384945363944
        },
        "Casson": {
            "params": [
                168.25839915770902,
                0.02321262081598134
            ],
            "R2": 0.8236149274412986
        }
    },
    "parametros_wr": {
        "n_prime": null,
        "log_K_prime": null
    }
}