{
    "modelos_ajustados": {
        "Newtoniano": {
            "params": [
                0.3168821924608023
            ],
            "R2": 0.41174041880865164
        },
        "Lei da Pot\u00eancia": {
            "params": [
                20.790407099542882,
                0.49833974244438517
            ],
            "R2": 0.9663040937652726
        },
        "Bingham": {
            "params": [
                508.3676368915207,
                0.190111411182817
            ],
            "R2": 0.942815550504482
        },
        "Herschel-Bulkley": {
            "params": [
                2.858598760924488e-17,
                20.790402259709722,
                0.49833977084656994
            ],
            "R2": 0.9663040937652756
        },
        "Casson": {
            "params": [
                260.7260654554864,
                0.09671298570616643
            ],
            "R2": 0.9564310733900208
        }
    },
    "parametros_wr": {
        "n_prime": 0.5155248878844235,
        "log_K_prime": 3.003507153320366
    }
}