{
    "modelos_ajustados": {
        "Newtoniano": {
            "params": [
                0.7215236350787022
            ],
            "R2": -0.13736119847908745
        },
        "Lei da Pot\u00eancia": {
            "params": [
                102.92963256775097,
                0.36573397719448086
            ],
            "R2": 0.9882640534597856
        },
        "Bingham": {
            "params": [
                758.3051669081767,
                0.3972659967637148
            ],
            "R2": 0.8918553421974705
        },
        "Herschel-Bulkley": {
            "params": [
                1.1017071945630757e-14,
                102.92961612154049,
                0.3657339987265089
            ],
            "R2": 0.9882640534597896
        },
        "Casson": {
            "params": [
                497.6777553757649,
                0.15810493313889917
            ],
            "R2": 0.949046113656787
        }
    },
    "parametros_wr": {
        "n_prime": null,
        "log_K_prime": null
    }
}