{
    "modelos_ajustados": {
        "Newtoniano": {
            "params": [
                0.21979092551863147
            ],
            "R2": 0.7423401024049752
        },
        "Lei da Pot\u00eancia": {
            "params": [
                7.291685576061607,
                0.5778873688594899
            ],
            "R2": 0.9895418916842996
        },
        "Bingham": {
            "params": [
                226.6938069925103,
                0.1591163475847984
            ],
            "R2": 0.9414174075540218
        },
        "Herschel-Bulkley": {
            "params": [
                1.0485576280470902e-13,
                7.291685596894009,
                0.5778873684951
            ],
            "R2": 0.9895418916842996
        },
        "Casson": {
            "params": [
                102.10723300619364,
                0.09420458448125248
            ],
            "R2": 0.9698932944127898
        }
    },
    "parametros_wr": {
        "n_prime": null,
        "log_K_prime": null
    }
}