{
    "modelos_ajustados": {
        "Newtoniano": {
            "params": [
                0.09286484814880361
            ],
            "R2": 0.4867455962603314
        },
        "Lei da Pot\u00eancia": {
            "params": [
                6.150835787971538,
                0.4985154163693671
            ],
            "R2": 0.9821791771776419
        },
        "Bingham": {
            "params": [
                148.81353328169845,
                0.05682558792788525
            ],
            "R2": 0.9691186278523498
        },
        "Herschel-Bulkley": {
            "params": [
                4.760217196157204e-11,
                6.150835258289993,
                0.4985154267949814
            ],
            "R2": 0.9821791771776405
        },
        "Casson": {
            "params": [
                76.31488260332772,
                0.02895092770550977
            ],
            "R2": 0.9770426995452748
        }
    },
    "parametros_wr": {
        "n_prime": null,
        "log_K_prime": null
    }
}