{
    "modelos_ajustados": {
        "Newtoniano": {
            "params": [
                0.1730681897404701
            ],
            "R2": -0.6639012176699368
        },
        "Lei da Pot\u00eancia": {
            "params": [
                52.34484952538834,
                0.2830443292334092
            ],
            "R2": 0.9469999856823408
        },
        "Bingham": {
            "params": [
                213.5986148332931,
                0.09284769219764759
            ],
            "R2": 0.7579926093595253
        },
        "Herschel-Bulkley": {
            "params": [
                1.5964217510682453e-10,
                52.34498368371539,
                0.2830439706012561
            ],
            "R2": 0.9469999856819433
        },
        "Casson": {
            "params": [
                161.15529404838207,
                0.03139126827244084
            ],
            "R2": 0.860896968647618
        }
    },
    "parametros_wr": {
        "n_prime": 0.3129281268499446,
        "log_K_prime": 3.8912117365033745
    }
}