{
    "modelos_ajustados": {
        "Newtoniano": {
            "params": [
                0.372171944760918
            ],
            "R2": -1.0737312788297642
        },
        "Lei da Pot\u00eancia": {
            "params": [
                221.64006400489674,
                0.2593695899037698
            ],
            "R2": 0.9469351425213217
        },
        "Bingham": {
            "params": [
                937.6226414493991,
                0.18785366487223334
            ],
            "R2": 0.6631532716231492
        },
        "Herschel-Bulkley": {
            "params": [
                3.0506719499014753e-13,
                221.6404822197604,
                0.2593693435231601
            ],
            "R2": 0.9469351425216816
        },
        "Casson": {
            "params": [
                716.2614195568344,
                0.06220471069807549
            ],
            "R2": 0.8133652418163022
        }
    },
    "parametros_wr": {
        "n_prime": null,
        "log_K_prime": null
    }
}