{
    "modelos_ajustados": {
        "Newtoniano": {
            "params": [
                0.041063993192968426
            ],
            "R2": -2.378114863496139
        },
        "Lei da Pot\u00eancia": {
            "params": [
                77.57566177383008,
                0.21690077403146876
            ],
            "R2": 0.9914502288353398
        },
        "Bingham": {
            "params": [
                316.162804188648,
                0.018782825938398213
            ],
            "R2": 0.7201013495127865
        },
        "Herschel-Bulkley": {
            "params": [
                4.453319298132105e-16,
                77.57566611031477,
                0.21690076738881195
            ],
            "R2": 0.9914502288353405
        },
        "Casson": {
            "params": [
                252.83545647266243,
                0.005472883937557592
            ],
            "R2": 0.8709224837673191
        }
    },
    "parametros_wr": {
        "n_prime": 0.2259569031188695,
        "log_K_prime": 4.418701077325709
    }
}