{
    "modelos_ajustados": {
        "Newtoniano": {
            "params": [
                0.2630435490651391
            ],
            "R2": -0.07092937857228088
        },
        "Lei da Pot\u00eancia": {
            "params": [
                17.567436086365593,
                0.44247507830664073
            ],
            "R2": 0.9425434600156021
        },
        "Bingham": {
            "params": [
                212.23387591753124,
                0.14145750162618181
            ],
            "R2": 0.8748897764337487
        },
        "Herschel-Bulkley": {
            "params": [
                1.9609802211820818e-15,
                17.567423866760976,
                0.44247517422083105
            ],
            "R2": 0.9425434600156425
        },
        "Casson": {
            "params": [
                121.05341961069226,
                0.06496501242134682
            ],
            "R2": 0.9175613026991543
        }
    },
    "parametros_wr": {
        "n_prime": 0.4626128726281523,
        "log_K_prime": 2.83928970427655
    }
}