{
    "modelos_ajustados": {
        "Newtoniano": {
            "params": [
                0.49500710671374426
            ],
            "R2": -0.27616443012764513
        },
        "Lei da Pot\u00eancia": {
            "params": [
                88.59389779042537,
                0.36892120200690687
            ],
            "R2": 0.9853215681300654
        },
        "Bingham": {
            "params": [
                722.6750189575649,
                0.2805327778926105
            ],
            "R2": 0.8831724459729766
        },
        "Herschel-Bulkley": {
            "params": [
                8.78812408255263e-17,
                88.59390859844942,
                0.36892118595733026
            ],
            "R2": 0.9853215681300668
        },
        "Casson": {
            "params": [
                478.85924175768145,
                0.11448504317983997
            ],
            "R2": 0.9424468627105111
        }
    },
    "parametros_wr": {
        "n_prime": 0.3971213490928734,
        "log_K_prime": 4.408204573981697
    }
}