{
    "modelos_ajustados": {
        "Newtoniano": {
            "params": [
                0.09453539477846762
            ],
            "R2": 0.4941091380174064
        },
        "Lei da Pot\u00eancia": {
            "params": [
                6.006891462202528,
                0.5022866534331093
            ],
            "R2": 0.9734348603136619
        },
        "Bingham": {
            "params": [
                147.53442964349907,
                0.05809296909171872
            ],
            "R2": 0.9590480767542416
        },
        "Herschel-Bulkley": {
            "params": [
                4.4217286012999583e-13,
                6.006891655749687,
                0.5022866495259265
            ],
            "R2": 0.9734348603136619
        },
        "Casson": {
            "params": [
                75.09231835831241,
                0.029798410674352706
            ],
            "R2": 0.9675488174375889
        }
    },
    "parametros_wr": {
        "n_prime": null,
        "log_K_prime": null
    }
}